Date,UNH,GS,HD,MSFT,AMGN,MCD,CAT,V,HON,AXP,JNJ,BA,CRM,TRV,AAPL,CVX,PG,WMT,MMM,IBM,NKE,JPM,DIS,MRK,KO,VZ,CSCO,INTC,WBA,^DJI,MonthlyRiskFreeRate
2010-01-01,2.6060750060271,5.13043360620611,11.3887993580829,1.7388181882233,-3.19765745413503,2.27452051508654,9.95262498095566,3.96199822147945,3.93373723779142,1.8492200388729298,0.22273651041047,4.22444058812368,6.92367862156584,3.7892420706988603,6.5396463528751,0.24959573585128003,3.54892203853849,1.1978081878364801,-0.42242046095015,3.8973498508011897,6.03918707631015,7.9106694561371205,5.71911303846508,-3.4049400578785,-2.8202861049245302,-0.24426685161760003,8.27773809407351,5.8247403197976295,-2.24691303283829,2.56204659525814,0.0
2010-02-01,-3.5145094329736803,9.3780613923754,3.6858938429353802,2.64022477359658,5.70566663971099,5.38303817456707,10.1664862756275,6.90294618593002,13.608571875207302,8.03873321482225,4.28391260224306,15.746826434036901,9.5658576775965,2.56702533465052,14.8470308852043,5.88622294252945,-0.01579659801553,2.82966449513904,4.95168501290197,1.32918012961938,8.727798264687479,6.623822499897409,11.7477717896518,1.27441668909747,4.324717443294039,7.224309093306069,6.9872231113295795,9.44133479627194,5.685236378890799,5.14631233740526,0.0
2010-03-01,-7.22372499036235,-14.9036100875904,9.712743260605961,4.26770336928364,-4.22793054361537,5.80036500420449,8.33735074414532,-0.87882566557058,4.85972289002266,12.2661225181422,-1.38033707323126,-0.24788437227170998,14.976496954903501,-5.353503626638901,11.1021034354261,7.39817094123689,-1.75438368549551,-2.98141260003175,6.10268573059525,0.58476979176722,4.9547574625865805,-4.8491756051853105,5.52852763868641,-5.2023554573461,-1.21428620998369,-6.83430028818902,3.4575518910037397,2.46747652898973,-5.2305199376167195,1.3998862482233598,0.01
2010-04-01,-4.00291279545962,-0.64736010874626,-3.8887193519973704,-15.5206126628317,-9.64930366434936,-5.26985797910113,-10.2085619764705,-19.694107836657302,-9.901008148154961,-13.5516034041734,-9.3312860187877,-11.3903261961354,1.08644897401111,-2.5029280071016,-1.61246987167246,-9.29520368271126,-0.9650230819287601,-5.74198882975161,-10.5559813253614,-2.8992144571539797,-4.65028525070772,-6.94156825569463,-9.28341625780979,-3.85277260068049,-3.83536123809901,-3.30292175343682,-13.9992411835615,-6.21716199038682,-8.84778560710776,-7.92089501674692,0.01
2010-05-01,-2.30476771674912,-8.776953539909341,-17.0998221657227,-10.4115458389401,1.5836704876343002,-0.6677920663376,-1.13559295980326,-2.21470401957781,-8.13185651412693,-0.42636077903701997,2.22893243977602,-1.66068342209275,-0.8205236270525299,-0.44469933929668004,-2.08268356758755,-7.27815444607393,-1.81700006926051,-4.37250975927733,0.22276849137299,-0.8924241337361499,-6.6731005321920005,-7.503791468757651,-5.74507512945289,3.79935381228729,-2.49024805229303,1.8168905760686398,-7.98791890899356,-8.55659392788808,-16.3433913786331,-3.57722789284569,0.01
2010-06-01,7.66828434357778,14.892969668964302,2.2803973201468,12.1686468467843,3.66920556352131,5.86005341146512,16.114534769356702,3.6749562884087696,9.8130182217222,12.9504438942142,-1.64242081342972,8.58965275827237,15.2994608484127,3.20623286093513,2.27410046113989,12.3047258734893,1.96738321982983,6.4905485836056505,8.29217673259277,3.98446904526684,10.6526154749063,10.024577244011699,6.9523948887443305,-0.36567888959648,11.8324435233665,10.5798362010907,8.25902389061415,5.9125951550103295,6.92885736955655,7.079184732803689,0.01
2010-07-01,4.17073549551412,-9.209686319715441,-2.42020229817974,-9.066239242575309,-6.40015291048034,4.7755249040456,-5.958525950701319,-5.9577372586647,-8.8660890203885,-10.6854920826627,-1.84195371594853,-10.287657540544801,11.045983468694,-2.8939542593982197,-5.50047600058342,-2.79490748595203,-1.67271586487561,-2.0511979832358,-8.171610298604561,-4.10437854442097,-4.943005010305,-9.60843877556546,-3.4134892404887105,2.0313325600448002,1.39720176539357,3.46424044428924,-13.350649382684802,-14.223303633623699,-5.84937791722219,-4.31132497033019,0.01
2010-08-01,10.687268006884599,5.85194257871162,14.843230209975001,4.90257615342402,7.97413495875179,2.74848188434198,20.748955909601598,7.833432276731809,13.3034748532591,5.41762469536304,9.688375080863471,9.51140427520447,1.7473660778420501,6.34826479964357,16.7214837346083,10.4319453071321,0.50277941263183,7.36410045945495,11.081809687251901,9.50656712057612,14.4857765922237,4.6754472543441,1.72097648110516,4.69281075404568,4.72439522395784,10.362331173548,9.55477270208387,9.48762696458454,25.406459635754302,7.72193430509953,0.01
2010-09-01,3.0559460776999,11.4469418770896,-2.46213477259047,8.90159680065592,3.7742585351371503,4.37523378553046,-0.10168805130011001,5.25181108971233,7.2143397420254995,-1.35617294307222,2.872845026837,6.1617076309058,3.81931710779078,6.71642471514078,6.07224275969662,1.9124150160744198,6.0029812851738,1.21450363381452,-2.87165980530436,7.052310286736301,3.16688628965498,-1.12981075782571,9.15406339992797,-0.32484622986588996,6.38448188402456,-0.33753463376816,4.38354533438023,4.427102993858649,1.13430558670409,3.06302284166247,0.01
2010-10-01,1.30377887474034,-3.0969019093823302,-2.2329839155571096,-5.28683077917324,-7.86849555258014,0.68148561917058,8.22643904101303,-5.51432974329139,5.51902608187007,4.73756093993829,-3.4358263601557604,-9.72535163623259,19.9448622268852,-2.19204106407003,3.37900578889656,-1.9733934065308298,-3.1941285140076605,-0.14768728872355,-0.2849924067121,-1.49023495554602,5.75879284780443,-0.48295284095361996,1.0517531471713601,-5.06747441586971,3.01689330901069,0.00672553050264924,-16.185479473476498,5.53612368419183,2.86307068693641,-1.01156452678507,0.01
2010-11-01,-1.12268689269082,7.935379893721111,16.953600678706803,11.1697805803449,4.19436116248375,-1.19943652745265,10.709257889500199,-4.50772679994349,7.61341110613416,-0.69415476018913,1.35215247818212,2.95619062891954,-5.18603732035418,3.18581705473455,3.66701986546112,13.660410375027702,5.33811473972341,-0.29578377811925,3.4070671523111398,4.22898368688045,-0.82429697397582,13.4224318312449,2.7389917599276,4.55468637940601,5.5649418610719,11.7776145161261,5.58457079655434,0.16376043174052998,12.3513501292198,5.19252426140382,0.01
2010-12-01,14.055141815237901,-2.6998206152116797,4.877355826749151,-0.64494457797602,0.32782930734236,-4.02554356156489,3.57675737655889,-0.75302297826958,5.36118984241609,1.07182042179581,-3.3629931899873498,6.466441727971731,-2.16666712905423,1.6545361515649,5.19594007403099,4.03288447749002,-1.8653628952237302,4.543090965446829,1.8771283195632398,10.3843404072342,-2.05606584346308,5.94062595187415,4.75913597116027,-6.981244461610869,-4.43972736801644,-0.44719829891386004,4.54769943938462,2.04466591092127,3.7987395022607497,2.7157819620981902,0.01
2011-01-01,3.7271593571711197,0.09782667702511001,1.90373536660975,-4.14711599065372,-6.808244802929931,2.72837520268929,6.60143143142176,4.58124250588037,3.39223372595399,0.8509947180173499,2.79405659591729,3.64136979011764,2.42372998111016,6.52330966002988,4.09348403038312,9.29106589848718,0.61368110348929,-7.2944203296496,4.902206661428201,-0.07411651765865,7.94133190331925,4.0133972203461,12.5289524641274,-1.80885154850126,1.7024768349256598,5.0100134192713,-12.2458736340639,0.04663444499022,7.17113160206391,2.81207646729957,0.01
2011-02-01,6.153089880908301,-2.95708167956955,-1.09420210801888,-3.91242805559898,4.13013839068537,1.36386444928633,8.18026820685223,0.9833987780356299,3.71022346397714,3.74111599267071,-2.69232940114003,3.2627529947925997,0.9903965496935699,-0.75088830038535,-1.33068467100613,4.38405642058231,-2.2997663390861502,0.13462824151466,1.98671317975587,1.15239921423163,-14.972488368186502,-1.26364245354036,-1.4860415691506101,1.35095058325578,3.78597183481877,4.3878027529502495,-7.59698694120999,-5.21265144638519,-6.9991221103182495,0.7638477761416,0.01
2011-03-01,9.2293889726532,-4.78566444485901,0.92715032212114,2.08741179621237,6.3610658653766405,2.91761235368977,3.64614640821874,6.1124837331571795,2.54566599158468,8.584082537759489,10.919881200846,7.9128938500189,3.75805075883278,7.04229837368489,0.46483367681156,1.81413734354561,5.357121437986629,6.3695689708513,3.96789830308499,4.60534586671146,10.2934202566243,-1.01952907905901,0.02319389715985,10.179001936432499,3.17370750518551,-1.9719423209995899,2.5152749129887497,14.7175144219435,6.42755942499946,3.98393107347177,0.01
2011-04-01,-0.56875195269641,-6.80745126014101,-2.34184645989231,-3.51083288102366,6.490752193629399,4.1246526471220495,-7.94507454325032,3.76346593540458,-2.74378458099355,5.55273700137804,2.38888084090949,-2.19352705768281,9.85569105467299,-1.89636496188532,-0.65690729143355,-4.13926294438535,4.09190390451293,0.43653433114316,-2.91121667395698,-0.9672529837577101,2.58739796930576,-4.72389806646383,-3.41065218437957,2.22530670619019,-0.9635516023440399,-0.99095309120441,-4.10961131173554,-2.76459828464335,2.13016839464031,-1.87931187339405,0.0
2011-05-01,5.37285064955291,-5.18534837707264,-0.16540756480271998,4.63987788544615,-3.61745695237203,4.1802571476417905,0.62379847340741,4.14147586172471,0.63537326755034,0.19381402468734002,-0.28691660885529,-4.75403858437614,-2.1542091801070797,-5.96005376515275,-3.4959521615848996,-1.21512003055088,-5.1193969920577,-3.1300395790595403,1.0903821485434202,2.02604906903563,6.54826750470459,-5.31916360331127,-6.22149780526012,-3.97279053717526,0.71848463975559,0.8123474113569401,-7.083332342413071,-0.7817502071817599,-2.29570996715756,-1.23669683287799,0.0
2011-06-01,-3.46197709346529,1.4126239461729,-2.83661511970856,5.38461404658619,-6.255350116089491,2.56173658353174,-7.204570178573599,1.51911155017819,-10.891104503664401,-2.85985236353353,-2.60071132538526,-4.68006358957361,-2.86614923890933,-4.93037521965264,16.328553783968,1.14744104294646,-3.2719792645771197,-0.80918063873473,-8.12866703501067,6.00406837784124,1.72440626837207,-1.19684966107558,-1.07580050307886,-2.23914635741972,2.5440684641032703,-5.21087198441101,2.3062063330616,0.7671269521263899,-8.05463514930198,-2.18376178505767,0.0
2011-07-01,-4.25145528701978,-13.891979591186299,-4.43747120179174,-2.91973092020046,1.27972526145668,4.54440581421416,-7.496283869321339,2.73553013573717,-9.96234597849437,-0.6594785529557999,1.5588994085008,-5.12278823721876,-11.028958588485601,-8.47086992560349,-1.44696184376468,-4.9798482889849,4.40995213853894,0.9106263109966101,-4.77390873990335,-5.46602252787085,-3.88241972027401,-6.574127359844841,-11.807350955045399,-3.01783964202594,3.5877417954846704,3.83345103326231,-1.50589579720134,-9.8522143365104,-9.81044447227413,-4.36217970421108,0.0
2011-08-01,-2.9461112265196,-18.3996350559812,-0.79822351777467,-5.83798763952305,-0.25298970103808,-2.20771283352742,-18.857171713335898,-2.28711146327715,-7.4879790057982305,-9.67611871724576,-2.3443542283377,-8.88358590723487,-11.2388358995753,-3.4284574657426403,-0.91205699042941,-5.572875023271,-0.78516830231778,-1.71935150784485,-12.901898225704201,2.18526731690303,-1.3155814863753401,-19.8082930947695,-11.4503985735222,-1.2084490050113499,-4.10220770238227,1.74177539245577,-1.08485981406427,7.045934992524019,-6.02152575294301,-6.0287472813187994,0.01
2011-09-01,4.41535375949398,15.8646525121104,8.91392605900798,6.990760574345161,4.20308043815285,5.72765152778749,27.9252482889028,8.796105737732999,19.334990988775598,12.7393816081384,1.09904548484361,8.72586149763772,16.5295761213033,20.761648393518602,6.1522976079667595,13.457205453280599,1.28202093489986,9.2870769248345,10.071050641188101,5.58129234205147,14.3126893766682,15.405002510068899,15.649877318220401,6.77250048900935,2.51382479548965,0.48910435682354,19.548364388997598,14.9952953269622,0.9425118729955001,9.544521440630541,0.0
2011-10-01,1.6253460493278498,-12.496582014948,9.55302987700542,-3.94289536718108,1.11750668865942,2.87559420209713,4.19416260434948,3.97813216316978,3.33966273085178,-4.70181217897058,0.51250708888304,4.407936673338099,-11.076068335818,-3.5989413899374196,-5.57833528270343,-2.12282252684936,1.7290568913569,3.8434407839975697,2.55630236843152,1.82528638653499,-0.1764481811279,-10.1189823925006,2.78096043629426,3.6231815708445603,-1.5954214547507202,3.4491088621354296,0.99255691447237,1.50773533192097,1.5662678922570499,0.75842616319485,0.0
2011-11-01,3.91638054797558,-5.29940185198652,8.03013334169298,2.2497130227476103,11.4231408778754,5.825699467579979,-7.43767496990254,4.94392017018093,1.0574849150649,-1.8110020846922,2.26917057902976,7.4650062453018595,-14.3219045319324,5.19107952333919,5.96546252159296,4.29992752476323,3.31425346357999,1.46008988354975,1.56402272349137,-1.7802032307206301,0.19757965900737,7.361922593863681,4.6025169320582,5.454588255972849,5.59869362111498,6.3344770689403695,-3.00430945437784,-1.78472829843819,-1.28809336789668,1.4269006587553699,0.0
2011-12-01,2.5367088401155002,23.2666036293385,5.58988081749641,13.7519149482627,5.7934944584932,-1.27579927165355,20.441520771171,-0.8766019580442499,6.789323372534679,6.296397179675719,0.50323207340108,1.1315323130433,15.1192628678358,-0.73501773902068,12.711106299330998,-3.08272961020736,-5.50141760457679,3.31894298659075,6.09323468683292,4.74227578053745,9.547128029908631,12.1804869707992,5.4752723097488,2.730418803116,-3.48720388610946,-6.1315866693443795,8.68366475022016,8.948428200634769,0.90742715055569,3.39961989583224,0.0
2012-01-01,7.64624957697613,3.29238149985693,7.163811456484099,7.48396197892065,0.11777149260794001,0.2322339426068,5.13240696850121,15.629975890077,2.63609512177654,5.87847799325911,-1.25928003101378,1.03799029534557,22.5684930835748,-0.56604323764166,18.8310526537062,5.8184679685785,8.121889224061759,-3.7157679497262097,1.02640186743634,2.14429400504559,3.77921349738419,5.95833343842358,7.94345872079847,-0.26129400870823,3.45031195439745,2.51116041839095,1.5073367804075999,1.74112284399395,-0.59952107797096,2.52641831773099,0.0
2012-02-01,5.72202747744306,8.34255148557492,5.75993729156954,2.30739422532353,0.47819692862907,-0.49455290138834,-6.73318339564295,1.594637578647,3.1308722138747602,9.39688080523913,2.24740274502389,-0.18982502988819,7.9281856345263995,2.1217957195970802,10.5283513918826,-0.99732198308427,-0.6063062393267099,3.5883578507918297,2.52535098580435,6.49117604549681,0.4818364477769,17.1763298116159,4.26290844104129,0.60256372083056,5.94045169124331,0.31487464302593,6.38835021798188,5.44902743521232,1.6556699384391997,2.00716735077946,0.0
2012-03-01,-4.45430666452568,-7.41333951404933,3.5755621720477295,-0.7439501140389301,4.61965967729401,-0.66257717204997,-3.52047128847703,4.22037049554584,-0.63880871654414,4.06153064976087,-1.3038306689401802,3.26743955655062,0.78959372472777,9.43592144262977,-2.59697371245216,-0.60627106042513,-5.31169997888434,-3.09754935650363,0.16815220129908,-0.75242079563222,4.5581799502225,-6.52454897403187,-1.5303595648666801,3.3264966899836197,4.64273041416492,5.62389051503549,-4.68085850101352,0.9957413708072601,4.68798768980743,0.01203329497412,0.0
2012-04-01,-0.67675312089088,-16.8910555858241,-4.73063296047183,-8.83821215042275,-2.23596749897748,-8.3222230063027,-14.3810173010284,-6.3262596437208,-8.242647691589159,-6.95371118296884,-4.10140219355637,-9.36194727189667,-10.9869653116069,-2.8451246992283097,-1.0702081200112301,-7.74213166800989,-1.29337212180249,11.729782568715901,-5.539391682165349,-6.84762225398371,-3.29846316702316,-22.3662365638638,6.03105895393961,-4.23034292874316,-2.0833415909346,4.4811470780287594,-18.691067492504303,-9.01407764797561,-12.949268527449501,-6.20707326278936,0.0
2012-05-01,4.89509767488545,0.64600554798155,8.031341643457909,5.48376902901828,5.41247100533169,-0.13084287617235998,-3.09291088415012,7.520561734445399,0.9786430652944701,4.26288841544238,9.270714639150789,7.3640537201738105,-0.25970323404447004,2.16033579950505,1.08530076818298,8.279418986163781,-1.66960280755464,6.64401739706499,6.88372406259723,1.8336714461959902,-17.7671826949356,7.78277760456547,6.10369698711288,11.096300727307499,4.62999804510369,6.7242710476464795,5.143907000730509,3.8822796136492603,-2.41008946182424,3.9265873567762197,0.01
2012-06-01,-12.34384689287,5.25767621304429,-1.52856851851576,-3.66131984703236,13.290323792339901,0.9375235495829101,-0.82442467082669,4.400230206472109,3.9577306452294403,-0.85894306430234,2.4570800975402,-0.52489262267522,-10.0535183341101,-1.11588776768503,4.58218828520687,3.86731494238668,5.37144232895945,6.7556122806794505,1.81919194492071,0.20452749049175,6.34538531751026,0.75572099153316,1.31958991108534,6.95264069164012,4.75898406292257,1.57518354753894,-7.1053998021075495,-3.5647547486814597,22.9208620877102,0.9983613880798899,0.0
2012-07-01,6.2830162433432895,4.77700089660553,8.75810431503359,4.58093575410188,1.59809610887873,0.14547688230615,1.97742675815256,-0.63531135289629,0.68910547092568,1.3656548451853399,-2.58598043295237,-3.3960123904391204,16.7417111315908,3.33596832284571,8.92002495006634,2.35442558236294,5.00904725134252,-2.45872469431611,1.5016988678202101,-0.57660901726428,4.29569146849542,4.02684283218682,0.67156834566568,-2.53566071216882,-7.42576088845303,-3.80227692413367,20.183776060007,-3.3851904692308996,-1.65012207398668,0.63157951632053,0.0
2012-08-01,2.04419554201742,8.00192507002648,6.92601784157232,-2.79965310891929,0.88254707493744,3.33229521046761,0.8320793739135799,4.87938868610476,2.88043151456556,-2.46996429321575,3.1235469570468,-1.93647239014053,5.17289581519451,5.43716308798787,0.71013246737679,4.75492864189881,3.2296235998237903,2.20270774478979,0.44138522665312996,6.94213027656412,-1.07300086178306,8.99299387520793,5.68018151666667,4.76191076114942,1.41710944888676,6.12482955564493,0.10481619242248,-7.93997422921551,2.69241446868422,2.64528512452797,0.01
2012-09-01,1.4741538497839801,7.6618751070541,1.6730355922573499,-4.09944663093628,2.61004547951182,-5.395108535064351,-1.42960077031334,3.3363222927567096,2.49373432051672,-1.56523068739437,2.77171873639501,1.20691037509215,-4.39452918107203,4.67230903490841,-10.7600369137609,-5.42209665712455,-0.17303459503095,1.6530983575505203,-5.21534899719193,-6.22798644868013,-3.7193044024085604,2.96441797647049,-6.04436594052903,2.13849247981257,-1.31102668198502,-2.04080013873348,-10.2094175183808,-4.54547630992176,-3.32056242789015,-2.5352878542221498,0.01
2012-10-01,-2.87499311869561,-3.75850414725621,6.01173152315579,-6.72739331253074,2.6708212556156004,0.27648185746937,1.1139714145853998,7.891317682156471,0.14694025842554,0.22546438787842002,-1.5391287575275499,5.4514105120576,8.00794820081001,-0.16917161411317,-1.68645439967488,-4.12733424477384,1.6803403069945801,-3.99895241446975,3.82421572199654,-2.29275160483688,6.67544007164715,-0.7115919918672,1.09935852537606,-2.91472935757693,1.99027287411175,-0.0759837333689,11.0791705385578,-9.52381169532126,-3.7467919568015,-0.54121406108148,0.01
2012-11-01,-0.27577741967318,8.75365637302805,-4.5203496998203505,1.16256476599943,-2.51758479633857,2.2542599950353197,5.12673498730354,1.48418636712169,4.2094689702955,2.82646955983465,1.41961389259064,2.07761332772449,6.615087242783189,1.41203198679924,-8.65901632450284,3.20031787112263,-2.7781911292201,-5.2624131390096,2.7660140359994303,1.24009484470617,5.86786141522846,7.035064129209729,0.26177006531342,-7.584643876672049,-3.74808824637197,-1.92660281863322,4.68217938684266,6.45108246349007,10.0333906281313,0.60311763346672,0.01
2012-12-01,2.1940608237860997,15.9140883779544,8.19725436027132,2.77050220352888,-0.8584800663580101,8.02631540337935,10.430463164185701,4.17597333914537,7.51537992319877,2.3138750543712,5.449413188998959,-1.97715107043414,2.39738169718753,9.92872588632159,-14.408924791049198,6.48232532032911,10.7084833219507,3.08980052787216,8.29291725578318,6.01406974783254,6.5811480481492906,7.00474785472809,9.87628100248492,6.65569865499494,2.73108624541436,0.7858212999011399,4.68191537995315,2.03690170207191,7.97079011761759,5.77253028418159,0.01
2013-01-01,-3.18782223188213,1.2850019661249301,2.3610301531355598,1.27506408090694,7.12615961531422,0.640158314207,-6.11852056392871,0.46230612011927996,2.7256210290566,6.04826960670266,2.96265773215436,4.10181950151056,-1.69058477869117,2.49804598230912,-3.09336256565245,1.7368469245945002,2.1788572751885797,1.18653022578794,3.43112446701148,-1.10304800975933,0.7585308011444499,4.68873108184535,1.31773995005424,-1.20231499635383,3.9741914117653203,7.93955843614733,1.40982165988497,-0.76045314204708,2.45246662731233,1.39900462431606,0.0
2013-02-01,7.0346148566770506,-1.4089428346131498,1.86861404330554,3.76571566731163,12.5814097061923,4.79059445500873,-5.8460382700558,7.285814925997471,8.11945969447676,8.54386239885352,7.978099332634709,12.355542776422899,5.6789980741212,4.68791680435727,0.86991570011318,2.2151757994536703,1.1551623986114,5.721973722531231,2.85243174399887,6.676945560182659,9.19880245902705,-2.9844232768714,4.04835074622258,3.4402368524140603,4.44217724391756,5.63080081008587,0.19176031840813001,5.7218708495044,17.2315974894713,3.72870019437461,0.0
2013-03-01,5.16099529481722,-0.73390142575766,5.69403885714228,15.693817258086101,1.6583829842038902,2.4576283779164503,-2.64456476259644,-0.8125026933076099,-2.40213537326549,1.40822030723649,4.5382020533384795,6.476434342781159,-8.04674788475538,2.0252324074321497,0.027085657874700002,2.6847397228992,-0.37635109688555,4.5321621217775405,-1.50505875437893,-5.04452145702352,7.77834549495742,3.2659178398603004,10.6338186274116,7.359799567905401,5.43129923846475,9.684634717237731,0.09572346596682,9.661162618082681,3.83811744850358,1.7920845635088798,0.0
2013-04-01,4.50527037980049,10.9604861449027,7.239256989780101,5.4380505098846195,-3.53134653681296,-5.45327727832718,1.9855073188229901,5.74609006011377,6.6902178867122,10.9991821487377,-1.2319676118729999,8.32511737533994,2.96765069956215,-1.9786720128247102,1.5696304783328703,0.6065098707828099,0.7216258845522,-3.7055857049611904,5.30994383056753,2.7056315077829103,-3.05031320100683,12.0818605176179,0.38192113106612,-0.63831643521548,-5.52800179222129,-9.128074138931531,16.228351698306202,1.3778532188811299,-3.53464162056503,1.85831690078051,0.0
2013-05-01,4.55056892900128,-6.38700432375841,-1.51286008751108,-0.33752605637321004,-1.42671861992735,3.31946575213313,-3.85779573635086,2.77600376230258,1.64327861151954,-1.25477612875852,2.7624532595441598,3.9859094258126997,-9.80392474926453,-4.53896168608992,-11.2456919282135,-2.81519933471713,0.29962176043509,0.12929516860376,-0.26894387142558995,-7.67849702398512,3.96990964882655,-3.2973039428169195,0.11097067745204,-0.53532312097707,0.30007480134592,3.83661867276683,0.91208986969384,0.73416001798167,-6.932793883335591,-1.36263931076864,0.0
2013-06-01,12.237046170664199,8.4496238575313,2.51928429138371,-7.8170194432368,9.76082619068843,-0.92927228993514,0.5091773921960401,-3.14092159675309,4.5877950287657,-1.32423803432943,8.89818876255284,2.59663533205026,14.5887890264608,5.1814920617178695,14.122499579294502,6.3799305430300794,4.2992863134022,4.6315464597181295,7.38914311850347,2.0564446539691,-1.1934424981816099,5.56921275270561,2.37529105652938,4.6553442404643,0.61589140784024,-1.70833728792147,5.13559973785125,-3.673153123231,13.6877921831445,3.95678251021947,0.0
2013-07-01,-1.5236689707711601,-7.25481319603417,-5.74465944805652,4.89950398178991,0.6002107457577099,-3.7928666018275106,0.24769223049276,-1.46319277344901,-4.1094209741061,-2.22405680865699,-7.5828831866865,-1.1227405134096,12.297145298549001,-4.36861493971832,7.66579528943043,-4.33712039891073,-2.27470949684072,-6.3639118501567005,-3.27855098123115,-6.54742523281793,-0.15895414882547,-8.669512259967641,-5.908735609011781,-1.8268649777459698,-4.74053854722384,-3.27311102414029,-8.269044696883821,-5.826921476396199,-4.33831056283829,-4.44678014323636,0.0
2013-08-01,-0.18120321338309,4.33706369587696,1.82576028051777,0.34283639963328,3.18507869568416,2.78433961746885,1.0419064794786599,9.76524065808688,4.88529403347155,5.02013725474073,1.07989934371042,13.582363150198901,5.6584545468310505,6.095117217690469,-1.50282031902576,1.7219528710390002,-2.9529217620921,1.9582243931717,5.71453011953942,2.12792059388944,16.4034268953557,2.29569287189855,6.01675083010873,0.67666947549305,-0.78576407823476,-1.49852669527281,0.5147889593680199,5.29695231971212,12.638943476677799,2.15633812410418,0.0
2013-09-01,-4.31912210487524,1.67499802812376,3.22998629738107,6.400234933298949,3.77054812694657,0.32220040721866,-0.047918079280270004,2.914711052432,4.44367527200942,8.31569032493211,6.82895775119514,11.063847345482,2.7932975673314,2.4398735410642103,9.63817031423007,-1.26748237126323,6.82638555581625,3.7722835782168,5.39317333789617,-3.2239263005316396,4.29519018707569,-0.29022543862867,6.35759976091852,-4.4394064497814005,5.22119727728116,8.2280010749598,-3.71319169300808,6.7626776755802105,10.111518384897899,2.75009355969766,0.0
2013-10-01,9.1122532054247,5.02300194472971,3.56913985645984,7.681484147170741,-1.77373084995487,0.88065501631051,2.19826243210834,3.4524620817470097,2.05234931508946,5.20865964879089,2.2135727498084,2.87354031629257,-2.3800608006689696,5.14487122147254,6.3841315972696,2.06731796859592,5.11261907559897,5.55051623370428,6.08660667202627,0.26229099534826,4.4614580991592305,11.8385414720581,2.84296857922901,10.5122941739764,1.5668400987675302,-0.64858860172928,-5.11830647172424,-2.57460513981944,-0.06750113747849,3.4778647299100998,0.0
2013-11-01,1.10092119465601,5.2693830527674494,2.07014581601939,-1.14424489323601,0.41706298296335004,0.47963430953610003,7.34040525488371,9.66781982007234,3.75780015616176,5.74595717380628,-2.5677382663807102,2.03906190052088,5.95123529475952,-0.22043037386828998,1.47923064799056,2.87397213617127,-3.3365007016512895,-2.8638241156415,5.5638247994195495,4.97768118513722,-0.63178757197991,2.20201322366369,8.30734578673369,0.44149209224033,3.50679960798952,-0.9673051160110999,5.55296949017234,9.91199472041877,-2.46592031910896,3.04760350655069,0.0
2013-12-01,-3.64473454580502,-7.41286236167029,-6.20890410272861,1.14943318561214,4.26893812830467,-2.9475539680491,3.4137758027989804,-3.25581462905918,-0.15325328113678,-6.29341259420604,-3.4064573663565003,-8.22771123984775,9.675666398737,-9.71405991523516,-10.7696730907334,-10.6316403489003,-5.88381981379729,-4.54352509287037,-8.598965406926359,-5.8058196026492705,-6.78035866209173,-5.33518739751071,-3.78741693090364,6.794117954266921,-8.44831878395871,-2.27922961809685,-2.3183444436552603,-5.46994196840879,-0.15669858390785998,-5.2954608383163,0.0
2014-01-01,6.90372912557113,1.41967601536577,6.74039204071637,1.2420906702999,4.26227543652058,1.0406730475313,4.61542343956529,4.87864969010465,3.5185861988051204,7.64001555478091,4.12571122919974,2.92192137284337,3.0398152811746697,3.14960228996966,5.121866370447941,3.3145139725214303,3.43913828444897,0.0267931594581,5.10179835544424,4.80527279180436,7.481099287598809,3.30858732029933,11.2932103755136,7.58923924100838,1.00475236401758,0.16049684801577002,0.25778571101375003,0.89650667217573,18.4830082436097,3.9675541014836,0.0
2014-02-01,6.10846021454357,-1.22969895784822,-3.5352638163498296,7.7979135902618495,-0.041422547299640004,3.9044639335555202,2.4749951554244,-4.2891910381710705,-1.30522604951723,-1.36939685740566,7.399929320174881,-2.11155043500769,-8.46560665338999,1.50285157098857,2.60584438377642,4.01995510554671,2.46632138985843,2.31589425640546,1.35187542949911,4.54939576490396,-5.0895321861844405,6.846183331508129,-0.91572327766643,-0.38606500901652,1.2041883058681,-0.02098567945479,2.84405321827201,5.23473439849274,-1.8899514118569198,0.8329408844898399,0.0
2014-03-01,-8.14599765050632,-2.4595854808864,1.05814770622301,-1.43940938721457,-9.396802048839389,3.41734547327741,6.06826569641006,-6.138207867892611,0.15090304532685,-2.88794442623038,3.11515139368681,2.81297315776765,-9.52881172213905,7.074056278440111,9.939596298816051,5.55881269069454,2.4193793379697,4.9644190399596795,2.52835107486269,2.06762107233689,-1.23208648909175,-7.79114143097298,-0.91168970764991,3.9582514864361795,6.3455422069896406,-1.76584251879192,3.07764961605375,3.40952554248104,2.83207263408451,0.74846415790899,0.0
2014-04-01,6.1167539033779095,-0.00627476680962191,0.9055866556936,1.33665677264387,3.79419208515661,0.049320715803810006,-2.4365078271574503,6.03129441834673,0.26915429842204,4.91989773698651,0.16783355575962,4.82871693839175,1.89738531129622,3.16843838828529,7.27177470286229,-2.1749519500564403,-1.35016388102471,-3.6884384242301804,2.4876199831803,-6.1637982755020495,5.4284075709663,-0.10674464714646001,5.88604562179063,-1.1953599882075099,0.29420249368314,8.10267432635723,7.444511528230289,2.36043935214301,5.90573552359821,0.8222145525178901,0.0
2014-05-01,2.66233286372131,5.13187206342087,0.9098566047184901,2.57494482568081,2.61214012558313,0.12029603851432999,6.29952388074448,-1.73245422060168,0.27634560738811,3.68304184587767,3.8331715585465402,-5.40191562873656,10.3553118987894,0.66346074358441,3.34018543100305,7.22727844355342,-2.72312367150339,-1.6089579974924302,1.1004583901948801,-1.0771261813933,1.47076845758447,3.68904916652866,2.05927965571502,-0.01729422598041,3.5443502327680196,-2.06163740717207,0.934190027096,14.0758413947799,3.5686121762840597,0.65459457558547,0.0
2014-06-01,-0.3903378909465,3.24296989514596,0.44814423757915,3.5012080391803297,7.62017326119782,-6.1346259683302495,-7.2881279009872,0.14237367557465,-1.20492202163452,-7.2415152731312205,-4.32996179788991,-5.3053681658334,-6.59435556182584,-4.23970131945882,2.8731055249984,-1.00343266863203,-1.61594910177639,-1.9847899904263202,-1.64061737051757,5.73734431879693,-0.54164795200697,0.08677782194570001,0.16328554337024,-1.17937812720229,-6.54984108158345,3.04515074278959,1.52914991456286,9.67637880378442,-7.230577720939591,-1.56477740147987,0.0
2014-07-01,6.94631879754646,3.60961572529728,15.6462321853116,5.25946899251277,9.41202167656861,-0.88828709092215,8.94262756789221,0.71560578327556,3.7024915058470103,2.04188242717569,3.63673534587539,5.245680675664159,8.92165926744313,5.75032042639216,7.217604686701271,0.16246221469384,8.34702008635961,2.60935981928325,2.2073997137359602,0.32866621916229,1.84110383305776,3.8071758886563596,4.65764487225546,5.93935581220069,6.184818668344509,-0.12596652549686,-0.19510958740657,3.03923137051312,-11.996505534609799,3.2309286933061,0.0
2014-08-01,-0.4960756570036,2.8079521573993698,-1.88231750859167,2.68446166679082,1.2600092852131701,2.9218042209864197,-9.20508570709735,0.59130118862207,-1.7515853296234,-2.24453688372399,3.45218537765559,1.06579315113173,-2.6400429332587803,-0.8130138258895501,-1.21841827272474,-7.0419547085969105,0.75802558299176,1.95203977541598,-1.02447679668431,-0.67361073447855,14.9460725168993,1.32883833623414,-0.94570059163361,-1.3807996556364799,2.2530826567377398,0.34122622811887,0.72025558322061,0.37690280764746,-1.52921058120359,-0.32487641080388,0.0
2014-09-01,10.6249672517554,3.4973157695815402,6.83744845069856,1.27265322840207,15.463496845126002,-1.1391255281375299,2.40330443421548,13.1508516126834,3.22165178432676,2.75303412271628,1.1164396976113,-1.93906818942483,11.2289293172984,7.932670979260339,7.1960235417504,0.5279867501031,4.2154370005445205,-0.26154351755495,8.5333406174023,-13.3962010076626,4.22648500451801,0.39838606776819996,2.63957796102274,-1.54748143227645,-1.11316960487916,0.5200736452936,-2.04014110256151,-2.3262394967089,8.35162302699353,2.0396712569899202,0.0
2014-10-01,3.81009970135962,-0.8316055446926001,1.9277922633556,1.83177739466827,1.9299208378254802,3.2860207492307003,-0.04302965618724,6.941983754316319,3.0690869715644697,3.0520420465297597,0.43610304314938,7.565461697689551,-6.43851013988708,3.6210183925413197,10.1203753274961,-9.2371899337125,4.41570820186608,14.7764398825342,4.110020500507909,-1.35644372199538,6.797902119283419,0.14107489131673,1.23659173548585,4.24575907942697,7.04390021437917,1.80368742054984,12.954630416149,9.52660245803527,6.835848208441229,2.51700762785398,0.0
2014-11-01,2.49417420553966,3.20513879830564,5.603642229849861,-2.23187394092234,-3.27344156397706,-2.35685020091219,-9.01592450192765,1.74865541108398,1.40209766650032,0.67082311473061,-2.77043649929463,-2.6954542227042197,-0.93535588539248,1.34037423513715,-6.78664949234092,3.9959065552456403,0.72981758003241,-1.89626944572808,3.19315656011119,-0.35829994077978,-3.16247239721079,4.022621360083909,1.81602413348263,-5.9768155407101204,-5.17096990893451,-7.5311597829980705,0.65122053459396,-1.9383837443717598,11.6220019534447,-0.0289984979282,0.0
2014-12-01,5.50066469895281,-11.050897538551,-0.04887248945359,-13.024732331332501,-4.4133434332540205,-1.34469273638367,-12.629740192843,-2.7802991885479,-2.16170004431189,-13.2738434618036,-4.23641890880788,11.8402943117232,-4.82212197627674,-2.35204098662871,6.14242450676317,-8.60223765453806,-7.46513466865318,-0.49513989073615,-1.22925805737761,-4.4440382802724905,-3.5028186478294,-13.103230166428501,-2.2018367841429,6.947826811092341,-2.48699317398323,-2.2873052221415597,-5.212069455339139,-8.9556472671954,-3.21524529543993,-3.69252369098513,0.0
2015-01-01,6.9458955365789405,10.0805925763545,9.892739108885621,8.539603378911929,3.58600897276042,6.9882931468467,4.5138990954278295,6.433673150700341,5.1350202493565495,1.41289109718528,2.36672068755475,3.7697045895859196,22.9052193369806,4.49329510172527,9.64492661798611,4.04757766669455,1.71491012615141,-1.23559021225119,3.91248258676,5.629125677685829,5.27912720581705,13.413398930487899,14.4239180284081,-2.88655297456673,5.17363041737351,9.461882339936501,12.6770198924022,0.6356144605923401,12.6508546243313,5.637942691626989,0.0
2015-02-01,4.10102393084981,-0.64801450619282,-0.99345189704713,-6.61492583008883,1.8870690219988402,-0.6200177147918601,-3.4620053694143103,-3.3889077084302404,1.99478066845173,-4.25294757403429,-1.17629270175693,0.10489100949983998,-3.7042372392103,0.64220205745952,-2.75489100860202,-0.6267309697236301,-3.7472549733988503,-2.0017003934177597,-1.5855583097954502,-0.16179335866037,3.90617392722492,-1.14228296862506,0.7782530530884899,-1.81070952574293,-6.35101916737567,-1.6582321964509399,-6.70957373495023,-5.280312448021441,2.3584980665049398,-1.9665030220998698,0.0
2015-03-01,-5.509563081646,4.49539600686992,-5.35121403080482,19.6261877188034,-1.21363450352922,-0.9134109435608699,8.55926812794907,0.9784574155231099,-3.24992727348747,-0.52631315833972,-1.39164305462649,-4.49095302488424,8.99566285863054,-6.0117443815902805,0.57864914205114,5.79156509847287,-2.96555857059646,-4.53638491888091,-5.18944245478202,6.722796817567731,-1.48510204116844,4.4238844386197,3.65143572150353,4.45715287242452,0.85462634475572,3.72195621612137,5.52356329494006,4.09336157148343,-2.0665708982971602,0.36228599794778,0.0
2015-04-01,7.908435689598139,4.97401780730971,4.15028178727479,-3.6595334409257196,-1.04495156488207,-0.64211144616376,-0.98161827594758,3.9817928058417698,3.25009512920178,2.9309327839545998,0.9476153108233,-1.96732723909275,-0.09612701883763,0.009879785039945691,4.09905343085921,-7.257329580500089,-0.6155975169686,-4.84303070172132,1.72006128622544,-0.95744463340692,2.86322101380037,4.67472760677035,1.51766449860944,2.2330255160045698,0.98620038604253,-0.87601457794297,1.6649076800367102,5.86789152661393,3.5089943696031702,0.95378475919349,0.0
2015-05-01,1.48903501765076,1.57681263804259,-0.26027670978549,-5.1708872388289295,-1.2691602690717,-0.035249393757230005,-0.58607289404871,-2.0565948495316,-1.6630275367579,-2.5088099973263,-1.96656346316353,-0.64833623583472,-4.28866356918488,-4.41059195822495,-3.3205760769132397,-5.40651488983448,-0.19133197401493002,-3.89439969300256,-2.39144675535329,-2.58202455592157,6.827413169064591,3.01001304492932,3.41578744147997,-6.503530974776731,-4.223647522459871,-5.72411713685067,-6.3118373892093596,-11.0854009051819,-1.2444474300733,-2.17187762295548,0.0
2015-06-01,-0.07033140058636,-1.78169104186038,5.86846354612258,5.77578043245088,15.0273607967066,5.03835296340196,-7.2978285932640805,12.1965446301242,3.02047247900343,-1.7697158224998701,2.82163690013735,3.9287627377016596,5.270725180388601,10.4653968552387,-3.2926735516824603,-8.28236469941965,-1.9683269473338,1.48033074398655,-1.9183077477044799,-0.41189067151635,6.66543555682437,1.13636448810897,5.13404115956773,4.35356191374199,5.57968784758158,0.38621415708546003,3.49602786884868,-4.832346056770629,14.4363005603409,0.39927109386578996,0.0
2015-07-01,-4.69523366215532,-8.03143542834358,-0.48706369160934004,-6.80944459901337,-14.0495044122706,-4.846771278735909,-1.8875194423019899,-5.36233705415058,-5.502138103460711,0.86775428277234,-6.21692526605565,-9.35699976294457,-5.37517363897533,-6.19110180713396,-7.0403908917429705,-8.46520891762022,-7.107313504942541,-10.0722337176629,-6.07904056716052,-8.70422954022176,-3.01163136249958,-5.85297549560146,-14.606219681795398,-8.66688779749298,-4.28432106039427,-0.50895276213187,-8.23562458455928,-1.41621584690256,-10.4315503722181,-6.567774528309391,0.0
2015-08-01,0.2679771957776,-7.55090715622035,-0.83289833115405,2.37103434504282,-8.44416363867413,4.60751143506886,-14.4950052559259,-2.14006682346278,-4.1464674384241995,-3.3759201685833897,0.08951006980989999,0.8459382317022399,0.10092228115370001,-0.02011557931529,-1.7388651932502799,-1.37808188718428,1.7970766983711899,0.8539343020186999,0.4338126758338,-1.1229433130594,10.040261370725801,-4.88299165795393,0.31409635925738,-8.28225858188223,2.03458689881348,-5.43361068525177,1.4296814269081999,6.483463794032749,-3.6093339221829397,-1.4722208993694599,0.0
2015-09-01,1.9648846865195202,7.90746647027494,7.6019995052793305,18.9335735478705,14.3580021159839,13.924715869384698,11.6737592240356,11.369534364802899,9.07169089580087,-1.17358839321079,8.227095283949271,13.073723742584601,11.925678730955799,14.1353012286724,8.340904675257011,15.213001415274599,6.17179394617668,-11.721178262732899,10.89087857028,-3.3731131654799804,6.82464554787015,5.37969105103717,11.2915900454966,11.6229148485523,6.47285669608111,7.7453365346313,9.90475036101173,12.342372298021601,1.90126695548467,8.46708168188688,0.0
2015-10-01,-4.30465438529447,1.34403377707046,8.282118709500839,3.2484808199146897,1.84597208723138,1.7015486928431598,0.6465625872916501,1.84325010872433,0.64873437347723,-1.84120465670916,0.20787755507181002,-1.7694585624338601,2.5479389785879403,1.48817434146824,-1.0041904273137199,0.48415259621899,-1.13557361549151,2.7952571208504002,-0.40075305411775,-0.47114372851489994,0.95398111540259,4.53094958122984,-0.23737444713549,-3.01864467461859,0.6375373850046699,-1.7909242732587898,-4.78417268490196,2.68754185377362,-0.76756234609777,0.31919344801460997,0.0
2015-11-01,4.37406017266759,-4.82732987485016,-1.21749139567974,2.76716683584981,1.27358885599509,4.29774088730448,-6.455622264313029,-1.67148477251874,0.21356284730044997,-2.91734698375303,2.20979364998397,0.02336573856835,-1.61877384365234,-1.49254916527106,-10.6419609810124,-0.28613386777417,6.1063317084536894,4.18083260863373,-3.16145455310418,-0.32216814721586,-5.5034797163574,-0.97478901370707,-7.3940408603682,-0.35842740662707,1.57075866936816,1.69417082952028,-0.33030089608071,-0.22239080833275,1.7926471275059301,-1.66417583318738,0.0
2015-12-01,-1.6852998785894202,-10.3589568592321,-4.48646802612708,-0.70297156063821,-5.9138976545531,4.77401422924288,-8.41670936104796,-3.9458387092298,-0.35721742671524,-23.0769597667759,1.67447891954644,-16.9168034883417,-13.1887803138269,-4.64473597606794,-7.52423757465477,-3.87950151967653,2.87119197732926,9.16122463156313,0.2389767904904,-9.32277472546615,-0.54348671990647,-9.88946571127821,-8.227787071516559,-3.24141492259682,-0.09312363430376,8.11334038654104,-12.4079345676049,-9.95643626002256,-6.387994048152271,-5.50201953345891,0.01
2016-01-01,3.4213277635286996,-7.44619006182424,-1.30407574810678,-7.642024743998101,-6.84212103041756,-5.32399417491852,11.5692781455056,-2.81917087979762,-1.7926577146324703,4.34257009038814,0.73724019138621,-1.62322036781899,-0.45547688761952004,0.44843998891657005,-0.66774575571202,-3.50411397111621,-0.8571123122865401,-0.03012677528664,3.88739681974604,5.00040373962201,-0.6773090201280401,-4.74338905420867,-0.31309801962269,-0.90783911950065,0.48931698244452,2.76962906447433,10.90372201819,-4.60992892653068,-0.9784177802389,0.30486032908594,0.01
2016-02-01,8.22835652285248,5.438435261695449,7.500812475105991,9.32888683602167,6.1094299716012195,8.057121715144481,13.0576346404359,6.07573478875498,11.1865036342625,10.4713990565067,3.58724569874571,8.40636997620601,8.97417244436118,8.54723076573676,13.332730695459599,15.783824481715799,2.5158628088953296,3.2408879689414,6.98919450822773,16.8197670487881,-0.19483650813795,5.18648674687801,3.96776777600498,5.37741564286594,7.55853121758083,6.60361240135263,8.747148067318399,10.2897153152939,7.21468296052197,7.07528740199195,0.02
2016-03-01,2.57828735322716,4.541993141347049,0.8965348909734701,-9.70487621972301,5.58265192770764,0.6444973113505601,1.54165843908347,0.9937160546771301,1.9812653679438301,6.563505417038231,3.5859613743622503,6.19190720811327,2.66829360943408,-5.3118469941411,-13.992125642924998,7.106919555738971,-2.66065044112205,-1.64251214506002,0.45008752097379,-3.6381829390524296,-3.8686370281080498,6.72071622940624,3.9774359099634697,4.5544705342772005,-2.67435409272792,-5.80626203527657,-3.4422244259018604,-6.3987614466498695,-5.88793084229071,0.50070868755747,0.02
2016-04-01,1.51123705720448,-2.8212772890527997,-1.3219889018133801,6.27632876577176,-0.22114429888845,-3.5022611542202298,-5.79386674557686,2.2009853771866696,-0.38506205277232997,0.99095903633417,0.54426025795679,-6.4169047610947105,10.4353505465083,3.85806375295574,6.5286921359795995,-1.15483233390491,1.97680891743859,5.847147138523081,0.56158528100382,5.34465192864519,-6.31149979810006,4.03992241999784,-3.91245159086902,2.58934995284643,-0.44640725734692005,0.9762481562981099,6.64121552357668,4.32627977217948,-2.3713216417292,0.07628484245894,0.01
2016-05-01,5.63327598468637,-6.45285907579056,-2.8525474861977402,-2.77753782280439,-3.03785807113126,-1.40913432045049,4.55109627616939,-5.8762371200156505,2.71966548809857,-7.60341804114075,8.4089525921772,3.7886107356695202,-5.136776334239499,4.29297591524549,-3.6830897665759497,4.8893028501805,4.4793058430991195,3.92004855489778,4.73270874714198,0.7235885698426,-0.03619921899551,-4.79546699860395,-1.41100921842838,2.39956985943615,1.6367784065670898,9.70530166260752,-1.2392500027912101,4.72719465459739,8.07888928248701,0.80277402793398,0.01
2016-06-01,1.8782586148692801,6.885198460504021,8.26220949843322,10.7679981498135,13.066032927514302,-1.51672436737693,9.16768533747538,5.23124564944188,0.008610836160949379,6.62356240177773,3.2398756220438,2.91830145563801,3.00969560436979,-1.79472410488356,9.006261773554899,-2.2417328520938797,1.08656571755148,-0.06844660045414,1.8501569789062497,5.8242043441113704,0.83720101621456,2.94495095927882,-1.91168026115713,2.65381850534079,-3.01215798007097,-0.77006367218323,6.4134018674655495,6.28049239674493,-4.82765274101891,2.80117274708325,0.02
2016-07-01,-4.9929673740855804,6.70612437466243,-2.98033096543577,1.37616324308545,-1.14513403546052,-1.69145520640839,-0.02484512097497,3.65149872728023,0.3266420854779,1.73752322644738,-4.70333503125593,-3.14978071593758,-2.90954131298331,2.1425145913742902,1.81366943669377,-1.85402352119396,2.80893157224604,-2.09677691400473,0.49339444950542,-1.08328029610918,3.85583979725213,6.33964776521021,-0.83774410604428,7.04054986080849,-0.45842605311364004,-4.6051421952558,3.9188241152280403,2.95467787884325,1.84230827477041,-0.17013328060643,0.02
2016-08-01,2.90332044532837,-4.46084197335475,-3.56406647433076,0.86844002988901,-1.3408738681832901,0.51577551266053,8.32218500499495,2.40236993194394,0.41122959360271,-2.34828836659946,-0.35354907881212,2.61238123380176,-10.1863466688594,-3.5043412181519495,7.12761637099064,3.4046895930359296,2.79467100911894,1.64296091139109,-1.06668962428578,0.8846930305033999,-8.65717593701634,-1.3481520317869,-1.69384174990314,-0.6051786528809601,-2.5558263231275,-0.66882712186133,0.89058858338384,5.97979797491088,0.34292950316897997,-0.50394581356552,0.02
2016-09-01,1.4161620362212402,10.522751087156399,-5.18339206886264,4.02777492006978,-15.376772141503,-2.4185205950899102,-5.98178391853824,-0.22975381756981,-5.42553997802071,3.71645284659612,-1.8115730711394802,8.11446852106794,5.3694122146892305,-5.02748208256443,0.43342710051045996,1.7780733002727498,-3.28693801951917,-2.91183855268057,-6.20210359693384,-3.2483391360738003,-4.1641330105349805,4.00961599587788,-0.18308222065516,-5.22258433883431,1.0075891972561601,-7.464396622669691,-3.27869971313156,-7.6291387372614805,2.6172046876757697,-0.90522780954904,0.02
2016-10-01,12.0214980537125,23.0307190113876,6.05689515602745,0.5674194693513901,2.06149180297974,5.95184421326345,15.5086566836521,-6.29014936178503,3.88402915429358,9.00711372175498,-4.043448046802331,5.70805812370927,-4.20436869098034,4.779061945175591,-2.65984450168431,6.5012031369249295,-4.26652003639061,0.58556112764836,3.89593966319757,5.55011044296803,-0.21921754357557,16.5936833081762,6.937126836648801,4.20641067155547,-4.83490906046471,4.92533685843226,-1.99984723328561,-0.4875203079406,2.41749016193251,5.408099693839509,0.02
2016-11-01,1.48893190519082,9.5317920718984,4.16686025296666,3.81643733033148,2.17092710785805,2.84776001096903,-2.95101464085722,1.11769808147193,2.27760346948454,2.83175245023066,4.2283289718728,4.99951769964588,-4.9166679382323695,8.00178391264681,5.33354255498588,6.559957519625479,1.96457831922325,-1.8600070893825802,4.64359913874495,3.2953933719887396,1.51790318223493,7.63376242757241,5.1452610448077,-3.7914704324980204,3.6195873331780195,6.973933165873871,1.3413683452123701,5.31588977299193,-1.87495195392892,3.3415266840174795,0.01
2016-12-01,1.28715015147816,-4.23055519086704,2.6103789448985704,4.039277497589859,7.1609138347006605,0.6983518071693501,3.1485884274514,6.01126922659028,2.13206108153627,3.10473176226977,-1.7012422321520602,4.9717574567532,15.541921606688499,-3.2353067338534798,4.77466471797474,-5.39507456805429,4.18646904055315,-2.75220836836366,-2.1000362184129697,5.13882553828893,4.44787243740528,-1.92373373608932,6.987866754772611,6.10782456626002,0.26534089352358997,-8.18659110623135,1.65454839112547,1.51639976251448,-0.9908016073958401,0.51354698461256,0.03
2017-01-01,2.02349368531849,8.17200290631133,5.32781183564925,-1.0363374049501601,12.6691400772446,4.144554590933789,1.88377255075061,6.323314033111969,5.22311804825462,5.26507664327489,7.91170018637966,10.2863608371134,2.8445006869831,3.78668394731334,12.8883644097229,1.03278783412788,4.78512623656915,6.27809334382083,6.59536974587238,3.03695478837993,8.05293921221342,7.67035709808912,-0.50610297255073,6.259069224860039,0.9381378149607199,2.34773518971785,12.2183914141733,-1.68383498900221,5.41857164992472,4.77318819076589,0.04
2017-02-01,-0.8284324157924701,-7.151321153335401,1.32495343956012,3.56248211964565,-6.41728296921835,2.28279120780688,-4.03474251614923,1.24988589871466,0.83488764543926,-1.18661330349586,2.58910736069069,-1.0257054150310099,1.4013514579365,-1.3906806510765,5.32361417725391,-3.64644308449644,-1.33963375134735,1.6213072696291,3.3409923604785097,-2.35744486605226,-2.50176662944537,-3.06775373727852,2.99755655372471,-3.53726195735871,1.14394918634801,-1.77313603066787,-1.11175735266337,0.35219236677122,-3.4203331566772,-0.71601869655467,0.04
2017-03-01,7.02508757042726,-2.57705646269634,6.9604278219648,3.9477610407275203,-0.45710404939343996,7.96235595699784,10.2414820956973,2.6443194164319497,5.02122124018238,0.17693357716698999,-0.86711053278105,4.50638108440378,4.4005394312258,1.48587248871574,-0.00696774884463292,-0.6240358590874,-2.80465698575696,5.06771189286681,2.3519681711863702,-7.953409777946111,-0.26440346338962,-0.95630269559225,1.94901828195384,-1.19643097511066,2.57038720633467,-5.82564560297051,0.79882893398961,0.22178424613834,4.20231430982854,1.34194502630494,0.03
2017-04-01,0.17154708756589998,-5.6032243279994,-1.6591631212900402,2.01577190090096,-4.94735577437798,7.8324594187964,3.95632905100101,4.39595269665198,1.41070639671901,-2.51621113997341,3.87138496129287,1.51491462029993,4.08731599025187,2.62203337206082,6.3418214718187205,-3.01778411489886,1.64266029377167,4.54906377744713,4.4119952870599795,-4.778846943156831,-4.36745596497929,-4.48516605882601,-6.6262925412830205,4.46013278604014,5.37655414035871,2.80223937212782,-6.6490681921453705,-0.11065847075203,-6.37858036809831,0.32540098480247,0.05
2017-05-01,5.84542751329444,5.39006661277379,0.50577172904002,-0.73725927845226,11.7464151442562,1.50441371217473,1.92542862970779,-1.34786843950283,0.7330229899626001,9.48794446717358,3.8341168042636,6.20041234215696,-3.3913441948086,1.3456227023529201,-5.33227647739131,1.8469925127857298,-1.0670913296642,-3.07067521516861,2.42745958598762,1.8165229965806402,11.3417905897317,11.2599006076987,-1.56568408778454,-1.56658972189252,-1.3635460477827999,-4.24529727665287,-0.7294752452695,-5.86816277925701,-2.9163151354507098,1.62304794648855,0.06
2017-06-01,3.8734411363962695,1.54575204759826,-2.4771538391136603,5.46933074717517,1.3237976420025,1.9277442914338998,6.03947642573954,6.16334781126602,2.12318892071783,1.1752108569508302,0.32505346970739,22.609364648734,4.84988989796784,1.82400510591838,3.27039944803957,4.658301521879269,4.21111333828814,5.69503802969935,-3.37192951876865,-5.95461268811029,0.42586206123945997,0.43761643607462003,3.46351956400139,0.40521190155913,3.04850644925792,8.37439718615978,0.47925033858029,5.12745921076656,3.01363975976261,2.53628872937737,0.06
2017-07-01,3.6963499956718597,-0.70564112966757,0.18047746386111002,2.84730469247489,1.86811466805115,3.1132956402886403,3.8508731600323,3.97751126439108,1.57948700916026,1.40206001762773,-0.26372011023287,-1.15483891262814,5.16519235064157,-5.3946350746133405,10.2669139215344,-1.43786756900464,2.393624544197,-2.40029648739445,1.56587286936185,-1.1336177003866699,-10.5673163389505,-0.44668251059826997,-7.25656892739959,-0.03128746027243,-0.63265017232289,0.41140689722227003,3.37339053715593,-1.12772851725593,1.02887923672343,0.26029034141181,0.07
2017-08-01,-1.53344721386275,6.37350746496439,9.77996422263305,0.15630402835404,5.59003522028219,-1.4755132923998902,6.14519520162502,1.8252252179709298,3.00804236166385,5.06387171812355,-1.1580975348328901,6.7037524508027495,-2.16776598715329,1.10578263098868,-5.6553500574526,10.27742337842,-1.3980468696959,0.7192452181289299,3.32186844724827,2.55480824482777,-1.4804468766951602,5.08307604916212,-2.59881426940224,0.26621388150516,-1.18547841275681,3.16863602650281,4.4085673213600804,9.39793627661938,-4.78204033437573,2.08214033336991,0.09
2017-09-01,7.7446098423124905,2.23026765521539,1.35731917446575,11.666013044747201,-6.02304929319489,6.52922534982183,8.89264046259797,4.50397594839589,1.7073945841476998,5.5936462944094805,7.23020820625953,1.48304074518322,9.548274827424349,8.770009479574071,9.680783459471499,-1.3701894682415698,-5.10003313559931,11.7353264379786,9.66651510115235,6.18968239078126,6.05595376176717,5.3397584258915805,-0.7710279061669499,-13.3399075066957,2.96788794320906,-3.27337465824553,1.54625595727087,19.4590259518856,-14.1802761768686,4.33897117755226,0.09
2017-10-01,8.538668367945549,2.12803262569394,8.46901789836028,1.19019278133736,0.25110226895717,3.03154755202373,4.55955969312127,2.37315556636908,8.18531701331249,2.68760582735523,-0.05736367683676,7.295103187747929,1.9347307287326299,2.35562677491397,1.6623195788566698,2.67494026016792,5.00848890487871,11.3618079973525,5.62578939066605,-0.05841044056854999,9.87451203062117,4.49353336808898,7.16694721214515,0.32672425739068,-0.45671246649499003,7.584098709625691,10.1678243557123,-1.42887999741795,9.79326022938201,3.82897795473647,0.09
2017-11-01,-3.0528095209751998,3.19841530911482,5.93382734227386,2.13806286980136,-0.32519557771185004,0.68391834401928,11.640114223068899,1.4495355047040401,-1.1640323692311298,1.63750353067613,0.8939761193628101,7.11540512647766,-2.00344741564804,0.05162708735195,-1.1705835992328901,6.1954124788719,2.10025306573223,1.5633162588431602,-2.70733702196069,0.68506079057948,3.52533744719621,2.31537609092944,2.56631157198655,1.8093135426980398,1.06216358576501,4.00863573637322,2.68094748239804,3.55386844350747,0.38502167612348,1.84107060478973,0.08
2017-12-01,7.40269027513738,5.15387922293034,5.99902364514449,11.070817401722199,6.986774694353071,-0.56935482541323,3.2999226816793596,8.95458953482855,4.11451029815493,0.09062884219428,-1.09503969083414,20.1620787041176,11.425217569830801,11.123983917880901,-1.06362559506777,0.12780781399601,-6.02962447439194,9.08697729611709,6.42817891888179,6.700531227019719,9.426948544585919,8.16344880944928,1.89209194937976,6.191568575711861,3.72710330703063,2.1537990230680903,8.4595404693516,4.28943748675206,3.6353590495332897,5.78565942288867,0.09
2018-01-01,-4.4851741739843,-1.8514985897983198,-9.27327554460709,-1.30513131984399,-1.22547888152633,-7.829854746829589,-4.5658554325427705,-1.03840028112656,-5.36105214717778,-1.55527411547228,-6.01344860473354,2.21235931195587,2.05425007695734,-7.28387699186593,6.38473048914328,-10.7139918831647,-8.363914093624771,-15.5628592215548,-5.984029383988839,-4.8075650671828,-1.7443443401085401,0.37320163744443,-5.07039217393409,-8.48944728425375,-9.18260489860747,-10.701388590618501,8.60377994504122,2.38886001413676,-8.46401154854558,-4.28381457263882,0.11
2018-02-01,-5.37673566924941,-3.94136820938729,-2.21098685925702,-2.20886159229359,-6.53061468092454,-0.23501470689206,-4.68859552966882,-2.53110699178229,-3.9029519756707396,-4.33803659454562,-0.70019362707268,-9.03106213762522,0.043013377856340004,-0.10070343860797001,-5.42101157946854,2.90853266445734,0.9679133782944,-1.15544614443769,-6.23990099333523,-0.52567522206873,-0.8802315512062601,-4.7878824379937,-2.63668515972745,0.46108568264708,0.48588657540957003,0.16758135577181,-4.22065319231204,6.37722275338843,-4.404483945868369,-3.70003784642157,0.11
2018-03-01,10.8330541460689,-5.37203598782063,4.2717070054082695,2.46518173013039,2.3463091705150396,7.072534886299819,-2.0491609012764,6.0691945765933,0.11763413388796,5.86407164909235,-1.29536527902461,1.73233378738968,4.03266955197308,-4.73440551553085,-1.5019702459435,9.70713316062322,-8.75379323775716,0.019574900869760003,-11.4477010347716,-5.52043022763061,3.24636158095915,-1.08211239730616,-0.10951422501593001,9.02294971873885,0.37171698340055,3.19951377644476,3.2641823979035403,-0.8832694690398,1.49685917373408,0.24910070601627,0.12
2018-04-01,2.16158317222739,-5.22384117002386,0.94697398117389,5.68863501065724,2.94592225376709,-4.43741626636944,5.75980942228198,3.0264979670196803,2.23251195783967,-0.08199454722353999,-5.431248353179241,5.57620952795841,6.893135064499729,-2.3404154340021,13.0763594727462,-0.64743712385892,2.08333210773075,-6.692306987954109,1.46097840844743,-2.51795393478486,4.98611816680719,-1.12828359077102,-0.85717422367342,1.12113804267069,-0.4859913886523,-2.18885858110741,-2.7921905682061503,6.9352928068402,-6.10985130515378,1.0457636899162,0.14
2018-05-01,1.58584696141983,-2.0055036940915203,5.16875130232071,0.19974088843751997,3.56012735678726,-2.07486051851558,-10.6905285420951,1.48627294916954,-2.11545842695347,-0.30518944885600996,2.19020661876892,-4.25271064664795,5.46662952550221,-4.80860644833969,-0.55983833900721,2.60053547274348,6.68308843597627,4.42162133549981,0.42358473229011,0.00919243904957678,10.9749187976044,-2.62593481650207,5.368452525498999,1.9653836094943902,2.0000016021481297,5.538090136133491,0.74923086322675,-9.425910769893491,-3.2097516301571103,-0.59154093581986,0.14
2018-06-01,3.5769688517477602,7.64383588197479,1.24038655639984,7.57530461544533,6.47923496072256,1.1811138763125202,5.99247302499819,3.2389688293523102,10.8295704943329,1.55100378055231,9.2137919928476,6.196540224167911,0.5498533970384101,7.01560131229437,2.79831761116762,-0.12656167124397,3.6126105375334996,4.17979985533086,7.930049399590939,3.74372040096154,-3.20678991059615,10.3167140671462,8.34843632145268,9.355948755444569,7.26240398400853,2.6435903624265,-1.7197178731525,-3.23880194687473,12.6624524058433,4.71245506343385,0.14
2018-07-01,6.01848681784132,0.16006039492166,1.64539745436854,5.89177409654049,1.65859936871438,2.97704076987049,-2.85023715197713,7.422809858812649,-0.36955330147806,6.873492030935551,1.63747767893478,-3.79174557181899,11.3233681884219,1.12186720418477,19.6226971536376,-6.18515696016888,3.4901131534056598,7.43022859129758,-0.6593884732673501,1.06950558140639,6.8781616680577,0.21979145066165998,-0.56318752964095,4.12934168595243,-4.41775360567946,6.507270131067091,13.8385640852116,0.68608209557947,1.39009846249079,2.16260776016926,0.16
2018-08-01,-0.9014502362528799,-5.39397610606444,3.70665353623056,2.2078996702074702,4.449648672986499,3.76274342374818,9.82355334231948,2.33209838228334,5.12587808798284,0.48123333039737,3.26735372075557,9.02815335846117,4.15902960972783,-1.43617425193298,-0.48250131120142004,4.214367351978001,0.33758377631160996,-1.4652157255795801,0.57007302916638,4.39624050073102,3.3195610612243702,-1.518598441468,4.39208318158952,3.4261626410924095,3.6347330296774296,-1.80246539631721,1.84216521795522,-1.76006703499051,7.0065152476454005,1.90061101303838,0.16
2018-09-01,-1.4314223415725,0.50391170764034,-15.095337512684202,-6.61013762336647,-6.995014220285591,5.74453409575435,-20.4406902670902,-8.155115006633421,-9.19575349214015,-3.53086585443684,1.31723313100813,-4.58188351069974,-13.701813150595099,-2.96735080972005,-3.0477490908583897,-8.693156233276051,6.54811358779519,6.7830898334307905,-9.705290730783329,-23.662454835383702,-11.4258694941538,-3.3853221293896203,-1.8043453897222599,4.471721213857751,4.54050716816179,6.93014869263213,-5.960946358607759,-0.86700170684919,9.42388777375653,-5.07421204718065,0.15
2018-10-01,7.65640692638809,-15.3880200638431,2.52443027258991,3.8198811796184904,8.019076559841979,6.5630228438391,12.540920740034,2.80014960022725,1.33267138560886,9.68091590383353,4.93604023645877,-2.2825634275581304,4.02214281020772,4.18762948886198,-18.4044516236585,6.52932627322727,7.515896926694681,-2.6226545712966303,9.28203779092158,7.65831712904359,0.10659902467655,2.70466804698033,0.57476102059641,7.784278279008141,5.2631965040709,6.79310954257311,5.34126863790771,5.18345871614041,6.14265896865711,1.68301168596754,0.19
2018-11-01,-11.1757041474824,-12.0423327119289,-4.14383464319601,-8.009037197853951,-5.86826889329293,-5.22249964342834,-6.3389035988726805,-6.727209741696891,-9.46613643590584,-15.0975452570672,-11.5916811741755,-6.5667365829673,-4.05575336853612,-8.14604936945531,-11.3616541311007,-7.63980753180631,-2.74043843473696,-4.60829779197233,-7.733164427425369,-7.31053265168541,-1.01164377716779,-12.2043145445258,-5.05670861267221,-3.69296571269147,-5.30870198339755,-6.76617623942292,-9.484006766101489,-4.22765204822071,-18.8626146601672,-8.6575303242077,0.18
2018-12-01,8.46177181057257,18.5333682909205,6.815252196609791,2.81578843097632,-3.88349735292062,0.6814256628023301,4.79264453407418,2.3268162038725198,8.71176858596381,7.74234931379887,3.12282491137299,19.5720810889061,10.9513031074813,5.48273673150357,5.51540645745872,5.38654269693217,4.94994555557378,3.43849005308516,5.12228048318077,18.2546168053429,10.4397123030868,6.02334766417851,2.49432261621501,-1.9084477224470198,1.6473016775206701,-2.06331824105095,9.13917723116802,0.40485452039735004,5.75149470042542,7.16841403723816,0.19
2019-01-01,-10.3552827149729,-0.66157798992843,0.87723713586611,7.27760224608973,1.58730158730152,2.83028578574245,3.80259026619136,9.71039858183558,7.26871507061677,5.3368663286811096,2.67507677222045,14.0916015140789,7.68572256495437,5.87064443259993,4.03148657301042,4.30004382614744,2.96409173075027,3.2975010407225698,3.5396818265822203,2.76000147912716,4.70202649281273,1.64975354351016,1.1836433871099898,9.21670865726285,-5.7967893035871905,4.45703704837741,10.321091179839,12.3938637868526,-1.48076338089461,3.6653687068212197,0.21
2019-02-01,2.08073419841535,-2.00033378454849,3.6458995937977705,5.7249915716805395,0.72019395814271,3.95402185132461,-1.34701209012468,5.63233340608185,3.69798617970589,1.44793478099399,2.98382249809466,-12.8702116910838,-3.2263971745919098,3.1976560686949296,10.1730632770241,4.04602873979778,5.58093803421591,-1.47489764795568,0.88072421639857,3.3957300525197,-1.7730251545913698,-2.9992125506621,-1.6040413937067999,2.3126910261519003,3.3524367851195,3.8826533139861,4.28820018009526,2.04001384451842,-10.5819613912574,0.04892609777742,0.18
2019-03-01,-5.37910543224434,7.255593460897811,6.945033059616,10.7342720596905,-5.61111055457643,4.03895142192827,2.90058190391742,5.27562744475139,9.2562115967755,7.2552597002961505,1.00866765049625,-0.9779331522147701,4.4074074645030095,5.421938523954299,5.64358112035335,-2.53288673350902,2.3354017503999898,6.011828158019529,-8.792945402594981,-0.5882330452497501,4.56711158891319,14.6399195272288,23.363054198875,-4.72028038508581,5.60880670710053,-3.28089285585699,3.6302945687355397,-4.953446667003,-15.331118837732898,2.56175970684007,0.19
2019-04-01,3.74566131466736,-11.3782123530935,-6.7992014677006,-5.29862886219039,-7.0376989555226,0.3542992350739,-13.5445273247044,-1.8852816852548,-5.367718694351719,-1.80323697503699,-7.11755526800998,-9.55280935560239,-8.4306029191677,1.26610134595941,-12.7572494242391,-5.172418993762539,-2.67044427820986,-1.36131598284646,-15.703661442193201,-9.467452364895381,-12.171225389022,-7.99586176959343,-3.5993332045566198,0.63522492847101,0.14268329432978,-3.98678501952714,-6.417482401773871,-13.7147278175279,-7.89620452763488,-6.6855078413904,0.21
2019-05-01,0.91396190777675,12.6210338209585,9.54436947824831,8.71269831596437,11.4976331037035,5.3493283295506195,13.755094324974301,7.739967313907401,6.77357844940361,7.61050125113438,6.92567198446339,7.16936197834968,0.21134142902743,2.7134529519697,13.487262885189699,10.3771297664131,6.54938560004355,9.50013716685747,9.43545797277809,9.941206653675879,9.13101135772736,5.51150508260581,5.75583160162825,5.85787135317222,3.64338081367612,5.11500579106068,5.18933221298594,9.36230914175622,11.739064661589401,7.19290374882924,0.21
2019-06-01,2.5010173293369,7.59043016477374,3.4711235213174,1.72440931864499,1.24809489490945,1.4735664672400801,-3.38982429686433,2.56412159646058,-1.21999089295696,0.75340245701007,-6.50489436042777,-6.27180510900535,1.8256141504380499,-1.39688142108596,7.63945106073865,-1.06880394654353,7.651633123254831,-0.09955797525983999,0.79612759263518,7.498195858038479,2.47766349941183,3.75669533589684,2.41335124442061,-0.36462110656371,4.1650856666333596,-3.25573769455183,1.22419084091554,5.598507136177671,-0.32923911386604,0.99364278906659,0.18
2019-07-01,-6.0278721073101496,-7.36836819069719,6.65448994324804,1.16677289542544,11.8126233831029,3.4405956347223,-8.92711779431138,1.5842693327620598,-4.545996130008461,-2.91354084055356,-1.42835365373498,6.7149321234001995,1.0161859703683,0.23188861029462998,-2.01838292514379,-4.37817804821358,2.5149281682695,3.5151409894513796,-7.44048925459686,-8.57392578125615,-1.7784705390918798,-4.6226050043425495,-3.4263098806639603,4.19327486736112,4.57912732168804,6.336512261368441,-14.972190834198202,-6.21167901375842,-6.05615810821767,-1.7159976519694702,0.19
2019-08-01,-7.1281931554138005,2.2659888313869803,1.8033423396432098,1.18451760016174,-6.5856927408029495,-0.9747753388834,6.14285369942791,-4.73500043303035,3.29852265940096,-1.73633004615479,1.54991969952081,5.15096169092257,-4.8888348335644505,1.17719679695434,7.7038133571161405,1.7832026243342,3.4516942550179204,4.37963399808359,2.5873800623587897,8.62038767722761,11.435097625512899,7.12724590902758,-5.05609659157377,-2.6483158631798402,-1.09012582219034,3.782665667289,5.55437844337876,9.424003516560479,9.03773075458274,1.94502650778983,0.16
2019-09-01,16.828473342264,2.9677150049774803,1.72076115133821,3.12161682757193,10.2010293234971,-8.388049082134,9.09668021145036,3.9823389979680304,2.0863009112114703,-0.8454462766037001,2.05595950419597,-10.6604939814615,5.42306852557188,-11.381441801327801,11.0684494935888,-2.07419784949554,0.10454907117261,-1.1964952445589,0.35890881039677003,-8.03877243543471,-4.652900103781,6.14326870156574,-0.30693349550494003,3.6302180941985,0.71263612323295,0.18224223022127,-3.845369464446,9.70307473886161,-0.95822575979152,0.48074156670535995,0.18
2019-10-01,10.7518913964501,3.73512391252535,-5.99795214969567,5.58696941208507,10.0680004118186,-1.12861674406187,5.85456887855007,3.1588895601308202,3.3694193785399404,2.813291026178,4.12757604684739,7.728514751882121,4.08971414903783,4.31864576240173,7.43284128430759,0.85241292487223,-1.34152752638225,1.56063890920946,2.89712646927849,0.53839094109124,4.39976402902194,6.3204227089610505,16.671800337652602,0.60003308841614,-1.8923346278676902,0.6562073344356301,-3.90827328250462,2.68884546454125,8.79881098842181,3.7165241517165097,0.15
2019-11-01,5.041630350468631,4.46188223662507,-0.9659453944486499,4.52938491577533,3.38779194945635,2.26058170843042,2.03828522445471,2.0078608310526698,-0.37531939494466,3.63801972553328,6.83000525501663,-10.519114393583601,-0.15347780768417,0.16820824128354,10.2082873385984,3.8994652540814703,2.32674201326499,-0.20992665129304003,4.81671976021274,0.92738247556771,8.64729719585848,5.79842841705955,-4.58504159837425,4.32439394520046,4.42591298861115,1.9256380482617401,5.848593966762159,3.6682037935323404,-0.33688911083074996,1.73620254440752,0.12
2019-12-01,1.91763218166867,8.49391727476978,6.87481744248664,5.960706242031439,0.1742268920877,7.27189486372299,0.06770661819321,8.940927505681701,3.51976868931487,5.64705903193135,2.26229520191812,-0.49423401502332,12.045005171795301,3.3847561366285204,8.54079499887892,-4.09094556731705,1.20896590414126,-2.83099982675797,2.7944655713096003,3.1856366552041098,3.1783594552532697,-0.8608175696344,0.39045758967708,0.70783897366337,2.8726205329147,-2.06840668742997,2.2101785590362697,-0.41771698741745994,-7.717085927184909,2.83708630102177,0.14
